,uniprot_accession,motif,score,score_normalized
0,Q14676,PELQA,10.584796507449392,0.87
1,Q9UHD8,SQLQS,11.60740758727135,0.92
2,Q8NC51,SAAQA,7.816159437695582,0.73
3,Q01082,ARLQA,13.246229435495378,1.0
4,Q6PL18,AVLQA,12.256404013209364,0.95
5,P57740,VLLQA,9.762845796059088,0.83
6,P05787,SRLQA,12.402487172340487,0.96
7,P26599,PNVHG,1.8952478236164532,0.44
8,P63220,ASIQM,5.260758864909225,0.61
9,O75157,AQLMG,6.866747687048765,0.69
10,Q9H307,PVLQS,11.807875522452655,0.93
11,P16220,VVVQA,7.65387418994127,0.73
12,Q9HAW4,LSLQS,9.809939118787268,0.83
13,Q9Y2V2,PTHQA,9.970870497998837,0.84
14,Q8NHH9,SMLQA,10.821729252582477,0.88
15,Q7Z3T8,ILLQS,7.571431219890584,0.72
16,Q14204,ANLQM,7.4498073315628215,0.72
17,Q9UNN5,GILQS,9.016040994095192,0.79
18,P04075,KRLQS,9.565572388186236,0.82
19,Q15276,AVLQA,12.256404013209364,0.95
20,P16949,ASGQA,7.007220342144867,0.69
21,Q9UPT8,AALQS,10.833687004197184,0.88
22,Q9C0J8,SSLQG,9.34590176853645,0.81
23,Q9BWH6,ARLQA,13.246229435495378,1.0
24,O00505,AILQN,8.047189552872531,0.75
25,Q9UQ35,SRFQS,10.294642792788071,0.86
26,E9PAV3,TTQQA,7.755206043706211,0.73
27,P09497,AIAQA,9.432023830001405,0.81
28,P0DMV8,GVFQH,4.888681828398579,0.59
29,P48634,PTLQA,12.046413418186715,0.94
30,Q13435,AQQQA,9.18115982324502,0.8
31,P40227,ARAQA,10.994884187519132,0.89
32,P78344,SQLQG,10.188237520935107,0.85
33,P59998,ATLQA,12.417381964313888,0.96
34,P33991,PQMHS,7.154185104071441,0.7
35,O14981,PTLQA,12.046413418186715,0.94
36,Q04637,STPQA,7.349978011868465,0.71
37,Q00341,PELQS,10.507236562819855,0.87
38,P48556,AVLQA,12.256404013209364,0.95
39,Q14141,VQLQS,11.112419771560592,0.9
40,Q7KZ85,HQLQA,9.275556100794073,0.81
41,Q08379,GQLQA,9.938941655802854,0.84
42,P0DMV9,GVFQH,4.888681828398579,0.59
43,O43290,LRLQA,11.447354456255063,0.91
44,P02545,ASSHS,2.885279384622357,0.49
45,P02545,SGAQA,6.379063983279776,0.66
46,P02545,TRLQE,6.8018611855933955,0.68
47,P06396,ATLHT,5.165347953362104,0.6
48,P07437,VHIQA,7.381364165802928,0.71
49,P10809,LMLQG,8.369866525531272,0.76
50,P14314,IELQA,7.503180343171952,0.72
51,P14625,MKAQA,5.804990206793824,0.64
52,P21333,PGIQS,5.34767743654129,0.61
53,P22234,VLLQS,9.685285851429551,0.83
54,P31939,TEMQS,7.808313777008434,0.73
55,P38646,AVMEG,2.834221396876548,0.49
56,P46940,ARPHY,1.6566759254059034,0.43
57,P50454,SALQS,9.989944741042292,0.84
58,P52597,LKFMS,3.237537693197809,0.51
59,P54886,SDLQG,6.599165200508519,0.67
60,P57737,RSLQS,8.210318364585923,0.75
61,P60709,PRHQG,9.302987958214548,0.81
62,P62736,PRHQG,9.302987958214548,0.81
63,P63261,PRHQG,9.302987958214548,0.81
64,P68371,VHLQA,11.05930973291584,0.89
65,Q01082,SQAQA,9.433622283924638,0.81
66,Q02218,AHAQS,10.069134619175706,0.84
67,Q13263,PVLMA,7.720203370040958,0.73
68,Q13523,LILQG,8.387764087771554,0.76
69,Q14847,PVAQS,9.556530274476408,0.82
70,Q15046,AAVQA,7.647447204424273,0.73
71,Q15149,SLAQA,8.006488363793599,0.74
72,Q15149,LRLQA,11.447354456255063,0.91
73,Q15149,ARAQA,10.994884187519132,0.89
74,Q15149,TAQRS,-0.6668027090317388,0.32
75,Q15424,AHAQS,10.069134619175706,0.84
76,Q14151,AHAQS,10.069134619175706,0.84
77,Q4V328,LRLQA,11.447354456255063,0.91
78,Q6PKG0,TLLQA,9.786949926127816,0.83
79,Q96T37,SRLHS,9.154196410625005,0.8
80,Q99459,AILQT,7.6020658841118145,0.72
81,Q9UHB6,ASFQS,9.578529663104703,0.82
82,Q9UKM9,LKLQA,9.510614169791458,0.82
83,Q9Y5S2,SIMQS,9.006801487051547,0.79
84,Q15750,ASLQS,11.608814098027583,0.92
85,Q15750,LTLQS,10.540947040444035,0.87
86,P59046,KLFQG,3.9714643263564704,0.55
87,P59046,VVLQA,10.917673934343716,0.89
88,P51617,STLQA,11.573639701158998,0.92
89,Q13363,TRVQS,8.590243797666478,0.77
90,O95786,RSLQA,8.287878309215458,0.76
91,P57764,TCLQG,7.560923071126202,0.72
92,Q13501,GELQS,8.288436969694107,0.76
93,Q5VTR2,ALLQS,11.0240159302952,0.89
94,Q9C000,VILQG,8.847908988146223,0.78
95,Q9Y6K9,AQLQV,7.335919139320248,0.71
96,Q9Y6K9,LLGEL,-7.169387540064532,0.0
97,Q9Y6K9,LRMQG,8.195359062147606,0.75
98,Q9H307,PALQS,10.462718458070007,0.86
99,Q08378,TKLQA,9.994863200234853,0.84
